/* abc */
INSERT INTO NhaCungCap (maNCC, SoDienThoai, diaChi, email, tenNCC) 
VALUES 
('NCC01', '02438220801', N'Số 81 Trần Hưng Đạo, Hoàn Kiếm, Hà Nội', 'nxbgd@moet.edu.vn', N'Nhà xuất bản Giáo Dục'),
('NCC02', '2437574888', N'9A Nhất Chi Mai, Phương 13, Quận Tân Bình, Tp. Hồ Chí Minh', 'phuongnamgroup.jsc@gmail.com', N'Cty Phương Nam'),
('NCC03', '02836369928', N'A1-06.04, Tầng 6 Khu Thương Mại Dịch Vụ, Tòa nhà Gold View, 346 Bến Vân Đồn Phường 1 Quận 4 TP.HCM', 'info@phanbook.vn', N'Phanbook'),
('NCC04', '0903244248', N'59 Đỗ Quang, phường Trung Hoà, quận Cầu Giấy, Hà Nội', 'bookstore@nhanam.vn', 'Nhã Nam'),
('NCC05', '84435626242', N'Số 112 Ngõ 169 Phố Tây Sơn - Phường Quang Trung - Quận Đống đa - Hà Nội', 'info@vsmart.com.vn', N'Cty Văn Hóa & Truyền Thông Trí Việt'),
('NCC06', '02838256804', N'62 Nguyễn Thị Minh Khai, Phường Đa Kao, Quận 1, TP.HCM', 'tonghop@nxbhcm.com.vn', 'NXB Tổng Hợp TPHCM'),
('NCC07', '02437365859', N'110D Ngọc Hà - Phường Đội Cấn - Quận Ba Đình - TP. Hà Nội TPHCM: 357A Lê Văn Sỹ - Phường 1 - Quận Tân Bình - TP. Hồ Chí Minh.', 'sale@huyhoangbook.vn', N'Huy Hoang Bookstore'),
('NCC08', '1900866819', N'Tầng 10, Sofic Tower, Số 10 Đường Mai Chí Thọ, Phường Thủ Thiêm, Thành phố Thủ Đức, Thành phố Hồ Chí Minh, Việt Nam', 'salesonline@thienlongvn.com', N'Thiên Long'),
('NCC09', '82221790273', N'Hyangnam-eup, Jangan-ro,781-55, Hwaseong-si, Gyeonggi-do, Korea', 'edkim@morningglory.co.kr', N'MORNING GLORY CORP'),
('NCC10', '02436524250', N'25 Lý Thường Kiệt, P. Phan Chu Trinh, Q. Hoàn Kiếm, TP. Hà Nội', 'congty@vpphongha.com.vn', N'Cty VPP Hồng Hà'),
('NCC11', '02436754675', N'Đường Huỳnh Tấn Phát, KCN Sài Đồng B, Long Biên, Hà Nội', 'kinhdoanh@haitien.com.vn', N'Cty Giấy Hải Tiến'),
('NCC12', '0394663666', N'591 QL1A, An Lạc, Bình Tân, Thành phố Hồ Chí Minh', 'QUOCANH@gmail.com', N'Vận Tải Quốc Anh'),
('NCC13', '0123456789', N'Số 43 Đường D4, Khu Him Lam Kênh Tẻ, Phường Tân Hưng, Quận 7, Thành phố Hồ Chí Minh, Việt Nam', 'abc@gmail.com', N'Cty TM Hạnh Thuận');

INSERT INTO NhaXuatBan (maNXB, diaChi, soDienThoai, tenNXB) 
VALUES 
('NXB01', N'Số 81 Trần Hưng Đạo, Hoàn Kiếm, Hà Nội', '02438220801', N'NXB Giáo Dục Việt Nam'),
('NXB02', N'157 Lý Chính Thắng, P.Võ Thị Sáu, Quận 3 TP.HCM', '03839311433', N'NXB Trẻ'),
('NXB03', N'Số 55 Quang Trung, Nguyễn Du, Hai Bà Trưng, Hà Nội', '1900571595', N'NXB Kim Đồng'),
('NXB04', N'03 đường 30 Tháng 4 P. Hòa Cường Bắc Q.Hải Châu TP. Đà Nẵng', '0363797869', N'NXB Đà Nẵng'),
('NXB05', N'SỐ 65 NGUYỄN DU, QUẬN HAI BÀ TRƯNG, HÀ NỘI', '0238222135', N'NXB Hội Nhà Văn'),
('NXB06', N'62 Nguyễn Thị Minh Khai Phường Đa Kao Quận 1 TP. HCM', '(028)38256804', N'NXB Tổng hợp thành phố Hồ Chí Minh'),
('NXB07', N'6/86 Duy tân, Cầu Giấy, Hà Nội', '024 3822 1581', N'NXB Chính trị quốc gia Sự thật'),
('NXB08', N'39 Hàng Chuối, Quận Hai Bà Trưng, Hà Nội', '(024) 39710717', N'NXB Phụ nữ Việt Nam'),
('NXB09', N'175 Giảng Võ, Đống Đa, Hà Nội', 'x', N'NXB Lao Động'),
('NXB10', N'59 Đỗ Quang, Cầu Giấy, Hà Nội', '0903244248', N'Nhã Nam'),
('NXB11', N'Nhà NV22 – Khu 12 – Ngõ 13 Lĩnh Nam – P. Mai Động – Q. Hoàng Mai – TP. Hà Nội', '0247.309.3388', N'Đinh Tị Books'),
('NXB12', N'113 Đông Các, P. Ô Chợ Dừa, Q. Đống Đa, Hà Nội', '(024) 3856 9381', N'Đông A'),
('NXB13', N'18 Nguyễn Trường Tộ - Ba Đình - Hà Nội', '024.37161518', N'NXB Văn Học'),
('NXB14', N'23 Lý Nam Đế, Hoàn Kiếm, Hà Nội', '024.38455766', N'NXB Quân Đội Nhân Dân');

INSERT INTO TheLoai (maTheLoai, tenTheLoai) 
VALUES 
('TL001', N'Giáo khoa'),
('TL002', N'Sách thiếu nhi'),
('TL003', N'Kinh tế'),
('TL004', N'Chính trị'),
('TL005', N'Tiểu thuyết'),
('TL006', N'Quản trị-lãnh đạo'),
('TL007', N'Marketing-Bán hàng'),
('TL008', N'Phân tích kinh tế'),
('TL009', N'Kỹ năng sống'),
('TL010', N'Tâm lý'),
('TL011', N'Câu chuyện cuộc đời'),
('TL012', N'Lịch sử'),
('TL013', N'Nghệ thuật-Giải trí');

INSERT INTO SanPham(loaiSP, maSP, donGiaBan, hinhAnh, soLuongTK, tenSP, chatLieu, mauSac, xuatXu, tacGia, MaNCC, maNXB, maTheLoai)
VALUES 
('VPP', 'H0001', 6000.0000, 'H1.jpg', 250, N'Bút Bi Pro 027 0.5 mm - Thiên Long TL-105 - Mực Đỏ', N'Nhựa', N'Đỏ        ', N'Việt Nam', NULL, 'NCC08', NULL, NULL),
('VPP', 'H0002', 27000.0000, 'H2.jpg', 100, N'Bút Lông Bi RB-068 - Mực Xanh - Thân Xanh', N'Nhựa', N'Đen       ', N'Việt Nam', NULL, 'NCC08', NULL, NULL),
('VPP', 'H0003', 20000.0000, 'H3.jpg', 200, N'Bút Chì Bấm Bium 0.5 mm - Glory Morning 32000-83449', N'Nhựa', N'Trắng     ', N'Hàn Quốc', NULL, 'NCC09', NULL, NULL),
('VPP', 'H0004', 50000.0000, 'H4.jpg', 100, N'Bút Chì Bấm Jedo 0.5 mm - Morning Glory 32000-89422 - Thân Màu Đen', N'Nhựa', N'Đen       ', N'Hàn Quốc', NULL, 'NCC09', NULL, NULL),
('VPP', 'H0005', 7500.0000, 'H5.jpg', 200, N'Thước Thẳng 20 cm Disney Winnie The Pooh - Thiên Long SR-033/PO', N'Nhựa', N'Vàng      ', N'Việt Nam', NULL, 'NCC08', NULL, NULL),
('VPP', 'H0006', 69000.0000, 'H6.jpg', 100, N'Lốc 5 Tập Kẻ Ngang 80 Trang 70 gsm - Kèm Sticker Ngẫu Nhiên - Hải Tiến 6607', N'Giấy', N'Vàng      ', N'Việt Nam', NULL, 'NCC11', NULL, NULL),
('VPP', 'H0007', 10000.0000, 'H7.jpg', 100, N'Bút Dạ Quang - Thiên Long HL-03 -', N'Nhựa', N'Hồng      ', N'Việt Nam', NULL, 'NCC08', NULL, NULL),
('VPP', 'H0008', 113000.0000, 'H8.jpg', 50, N'Bút Máy Điểm 10 - Thiên Long TP-FTC09 - Mực Xanh', N'Giấy', N'Xanh      ', N'Việt Nam', NULL, 'NCC08', NULL, NULL),
('VPP', 'H0009', 12500.0000, 'H9.jpg', 200, N'Bút Gel Quick Dry 0.5 mm - Thiên Long GEL-033 - Mực Xanh', N'Nhựa', N'Xanh      ', N'Việt Nam', NULL, 'NCC08', NULL, NULL),
('VPP', 'H0010', 10000.0000, 'H10.jpg', 200, N'Bút Bi Laris TL-095', N'Nhựa', N'Đỏ        ', N'Việt Nam', NULL, 'NCC08', NULL, NULL),
('VPP', 'H0011', 55000.0000, 'H11.jpg', 200, N'Bộ 5 Tập học sinh 96 trang 4 ô ly vuông 60 gsm Điểm 10 TP-NB039', N'Giấy', N'Đỏ        ', N'Việt Nam', NULL, 'NCC08', NULL, NULL),
('VPP', 'H0012', 7500.0000, 'H12.jpg', 100, N'Bút Lông Bảng - Hồng Hà GX-WM01', N'Nhựa', N'Xanh      ', N'Việt Nam', NULL, 'NCC10', NULL, NULL),
('VPP', 'H0013', 3500.0000, 'H13.jpg', 200, N'Bút Chì Gỗ 4B Có Tẩy Exam', N'Gỗ', N'Cam       ', N'Việt Nam', NULL, 'NCC10', NULL, NULL),
('VPP', 'H0014', 16000.0000, 'H14.jpg', 100, N'Sổ Lò Xo A6 Kẻ Ngang 200 Trang 70gsm Let''S Fly', N'Giấy', N'Trắng     ', N'Việt Nam', NULL, 'NCC10', NULL, NULL),
('VPP', 'H0015', 13500.0000, 'H15.jpg', 100, N'Bút Xóa 12 ml 6677', N'Nhựa', N'Xanh      ', N'Việt Nam', NULL, 'NCC10', NULL, NULL),
(N'Sách', 'S0001', 28000.0000, 'SGK01-Toan1.jpg', 25, N'Toán Lớp 1', NULL, NULL, NULL, N'Nhiều Tác Gỉa', 'NCC01', 'NXB01', 'TL001'),
(N'Sách', 'S0002', 52000.0000, 'SGK02-TiengAnh12.jpg', 50, N'Tiếng Anh 2', NULL, NULL, NULL, N'Nhiều Tác Gỉa', 'NCC02', 'NXB01', 'TL001'),
(N'Sách', 'S0003', 185300.0000, 'SK03-KyUcTheoDongDoi.jpg', 15, N'Ký Ức Theo Dòng', NULL, NULL, NULL, N'Phan Chánh Dưỡng', 'NCC03', 'NXB04', 'TL003'),
(N'Sách', 'S0004', 17000.0000, 'SGK02-TiengAnh12.jpg', 20, N'Tiếng Anh 12', NULL, NULL, NULL, N'Bộ Giáo Dục Và Đào Tạo', 'NCC01', 'NXB01', 'TL001'),
(N'Sách', 'S0005', 27000.0000, 'SGK03-SinhHoc11.jpg', 15, N'Sinh Học 11', NULL, NULL, NULL, N'Nhiều Tác Giả', 'NCC01', 'NXB01', 'TL001'),
(N'Sách', 'S0006', 17000.0000, 'SGK04-Toan10T1.jpg', 20, N'Toán 10- Tập 1', NULL, NULL, NULL, N'Nhiều Tác Gỉa', 'NCC01', 'NXB01', 'TL001'),
(N'Sách', 'S0007', 106250.0000, 'SK02-BacHanhLuocKi.jpg', 15, N'Bắc Hành Lược Ký', NULL, NULL, NULL, N'Lê Quýnh', 'NCC04', 'NXB05', 'TL004'),
(N'Sách', 'S0008', 48600.0000, 'SK01-BacHoVoiThieuNienNhiDong.jpg', 25, N'Bác Hồ Với Thiếu Niên Nhi Đồng', NULL, NULL, NULL, N'Tuệ Minh', 'NCC05', 'NXB13', 'TL011'),
(N'Sách', 'S0009', 240300.0000, 'SK01-BacHoVoiThieuNienNhiDong.jpg', 20, N'Người Thầy', NULL, NULL, NULL, 'Nguyễn Chí Vịnh', 'NCC06', 'NXB14', 'TL011'),
(N'Sách', 'S0010', 100800.0000, 'SK04-MuonKiepNhanSinh.jpg', 20, N'Muôn Kiếp Nhân Sinh - Many Times, Many Lives', NULL, NULL, NULL, N'Nguyên Phong', 'NCC06', 'NXB06', 'TL010'),
(N'Sách', 'S0011', 35000.0000, 'SGK05-Toan2.jpg', 25, N'Toán 2', NULL, NULL, NULL, N'Nhiều Tác Gỉa', 'NCC01', 'NXB01', 'TL001'),
(N'Sách', 'S0012', 35000.0000, 'SGK06-Toan3Tap2.jpg', 15, N'Toán 3 Tập 2', NULL, NULL, NULL, N'Nhiều Tác Gỉa', 'NCC01', 'NXB01', 'TL001'),
(N'Sách', 'S0013', 30000.0000, 'SGK04-Toan10T1.jpg', 25, N'Toán 11', NULL, NULL, NULL, N'Nhiều Tác Gỉa', 'NCC01', 'NXB01', 'TL001');

INSERT INTO KhachHang(maKhachHang, tenKhachHang, email, soDienThoai, gioiTinh)
VALUES 
('KH0001', N'Nguyễn Văn A', 'hvlt@gmail.com', '0337098001', 1),
('KH0002', N'Đinh Hoàng Chiến', 'dinhlemy@gmail.com', '0917798113', 0),
('KH0003', N'Đan Mỹ Chi', 'danmychi@gmail.com', '0925197741', 1),
('KH0004', N'Nguyễn Văn Tùng', 'nguyenvantung@gmail.com', '0566920965', 0),
('KH0005', N'Phạm Phương Duy', 'phamphuongduy@gmail.com', '0919191923', 1),
('KH0006', N'Nguyễn Minh Khuê', 'nguyenminhkhueh@gmail.com', '0914625893', 1),
('KH0007', N'Bùi Hải Lâm', 'buihailam@gmail.com', '0912596378', 1),
('KH0008', N'Phạm Thị Hằng Nga', 'phamthihangnga@gmail.com', '0917458963', 1),
('KH0009', N'Lê Tiến Tâm', 'letientam@gmail.com', '0912225036', 1),
('KH0010', N'Ngô Ngọc Bích', 'ngobichngoc@gmail.com', '0915578964', 1),
('KH0011', N'Lê Tuấn Kiệt', 'letuankiet@gmail.com', '0910236669', 1),
('KH0012', N'Nguyễn Hà My', 'nguyenhamy@gmail.com', '0911455720', 1),
('KH0013', N'Nguyễn Minh Nghĩa', 'nguyenminhnghia@gmail.com', '0911555420', 1),
('KH0014', N'Vũ Quang Bách', 'vuquangbach@gmail.com', '0910233212', 1),
('KH0015', N'Nguyễn Thùy Trang', 'nguyenthuytrang@gmail.com', '0914747852', 1),
('KH0016', N'Nguyễn Thanh Vân', 'nguyenthanhvan@gmail.com', '0910211147', 1),
('KH0017', N'Phan Thị Phương Thùy', 'phanthiphuongthuy@gmail.com', '0911233028', 1),
('KH0018', N'Lê Đức Khánh', 'leduckhanh@gmail.com', '0917822226', 1),
('KH0019', N'Phan Trung Kiên', 'phantrungkien@gmail.com', '0914554896', 1),
('KH0020', N'Vương Đình Hào', 'vuongdinhhao@gmail.com', '0916969632', 1),
('KH0022', N'abc', 'abc@gmail.com', '0123435678', 1),
('KH0023', 'KH22222', 'KH22222@gmail.com', '0707390285', 1);

INSERT INTO NhanVien(maNhanVien, chucVu, email, gioiTinh, soDienThoai, tenNhanVien)
VALUES 
('NV001', N'Quản Lý', 'nhiethiz@gmail.com', 0, '0834258511', N'Phạm Lê Thanh Nhiệt'),
('NV002', N'Quản Lý', 'noreply@github.com', 0, '0925365441', N'Nguyễn Hồ Đăng Quang'),
('NV003', N'Nhân Viên', 'dinhlekhai@gmail.com', 1, '0925365112', N'Võ Trần Quốc Bảo'),
('NV004', N'Nhân Viên', 'thaomai@gmail.com', 0, '0924231545', N'Triệu Quốc An'),
('NV005', N'Nhân Viên', 'phamvana@gmail.com', 0, '0925365112', N'Phạm Văn A'),
('NV006', N'Nhân Viên', 'nguyenvanb@gmail.com', 0, '0926569984', N'Nguyễn Văn B'),
('NV007', N'Quản Lý', 'nguyenngoctai20122002@gmail.com', 0, '0926569984', N'Nguyễn Ngọc Tài');

INSERT INTO TaiKhoan(matKhau, phanQuyen, maNhanVien) 
VALUES 
('admin', 'QL', 'NV001'),
('123', 'NV', 'NV002'),
('123', 'NV', 'NV003'),
('123', 'NV', 'NV004'),
('123', 'NV', 'NV005'),
('123', 'NV', 'NV006'),
('admin', 'QL', 'NV007');

INSERT INTO HoaDon(maHD, ngayLapHD, maKH, maNV)
VALUES 
('HD00001', '2021-12-07', 'KH0001', 'NV001'),
('HD00002', '2022-04-03', 'KH0002', 'NV002'),
('HD00003', '2022-10-02', 'KH0003', 'NV003'),
('HD00004', '2022-12-03', 'KH0004', 'NV003'),
('HD00005', '2023-01-05', 'KH0005', 'NV001'),
('HD00006', '2023-02-05', 'KH0006', 'NV002'),
('HD00007', '2023-03-06', 'KH0007', 'NV002'),
('HD00008', '2023-04-07', 'KH0008', 'NV001'),
('HD00009', '2023-06-21', 'KH0009', 'NV005'),
('HD00010', '2023-07-23', 'KH0010', 'NV003'),
('HD00011', '2023-08-23', 'KH0011', 'NV004'),
('HD00012', '2023-09-03', 'KH0012', 'NV001'),
('HD00013', '2023-10-04', 'KH0013', 'NV005'),
('HD00014', '2023-10-05', 'KH0014', 'NV001'),
('HD00015', '2023-10-24', 'KH0015', 'NV004'),
('HD00016', '2023-10-26', 'KH0016', 'NV001'),
('HD00017', '2023-11-01', 'KH0017', 'NV002'),
('HD00018', '2023-11-02', 'KH0018', 'NV003'),
('HD00019', '2023-11-02', 'KH0019', 'NV005'),
('HD00020', '2023-11-03', 'KH0020', 'NV001');

Insert into PhieuNhap(maPhieuNhap, ngayNhap)
values
('PN001', '2022-08-05'),
('PN002', '2023-11-01'),
('PN003', '2023-10-15'),
('PN004', '2023-07-30'),
('PN005', '2023-04-28'),
('PN006', '2023-05-22'),
('PN007', '2023-05-23');

INSERT INTO ChiTietHoaDon(soLuong, maHoaDon, maSP) 
VALUES 
(2, 'HD00001', 'H0001'),
(2, 'HD00003', 'H0001'),
(3, 'HD00016', 'H0002'),
(2, 'HD00003', 'H0003'),
(1, 'HD00004', 'H0004'),
(1, 'HD00005', 'H0005'),
(3, 'HD00006', 'H0006'),
(3, 'HD00014', 'H0006'),
(3, 'HD00018', 'H0006'),
(1, 'HD00012', 'H0007'),
(2, 'HD00009', 'H0010'),
(2, 'HD00013', 'H0012'),
(3, 'HD00010', 'H0014'),
(1, 'HD00012', 'H0015'),
(1, 'HD00020', 'H0015'),
(1, 'HD00001', 'S0001'),
(1, 'HD00007', 'S0003'),
(1, 'HD00015', 'S0003'),
(1, 'HD00002', 'S0004'),
(1, 'HD00008', 'S0007'),
(1, 'HD00016', 'S0007'),
(1, 'HD00002', 'S0010'),
(2, 'HD00017', 'S0010');

Insert into ChiTietPhieuNhap(donGiaMua, soLuong, maPhieuNhap, maSP)
values
(7500.0000, 30, 'PN001', 'H0005'),
(69000.0000, 20, 'PN002', 'H0006'),
(13500.0000, 15, 'PN003', 'H0015'),
(106250.0000, 10, 'PN005', 'S0007'),
(48600.0000, 10, 'PN006', 'S0008'),
(240300.0000, 10, 'PN007', 'S0009'),
(100800.0000, 10, 'PN006', 'S0010');
